{
    "ID": 6,
    "TrolleyName": "Limo Trolley",
    "Number": 8,
    "CurrentLat": 34.8541409,
    "CurrentLon": -82.3767414,
    "LastBeaconTime": "2015-10-16T11:34:16.443"
  }